**Machine**,Date,Benchmark Type,Download
H2-1,2024-05-20,Measurement Crosstalk Error,`Download Measurement_crosstalk.json <../../../data/H2-1/2024_05_20/Measurement_crosstalk.json>`_
H2-1,2024-05-20,SPAM Error,`Download SPAM.json <../../../data/H2-1/2024_05_20/SPAM.json>`_
H2-1,2024-05-20,1-qubit Randomized Benchmarking,`Download SQ_RB.json <../../../data/H2-1/2024_05_20/SQ_RB.json>`_
H2-1,2024-05-20,2-qubit Randomized Benchmarking,`Download TQ_RB.json <../../../data/H2-1/2024_05_20/TQ_RB.json>`_
H2-1,2024-05-20,Memory Error from 1-qubit Randomized Benchmarking,`Download Memory_RB.json <../../../data/H2-1/2024_05_20/Memory_RB.json>`_
H1-1,2024-04-10,SPAM Error,`Download SPAM.json <../../../data/H1-1/2024_04_10/SPAM.json>`_
H1-1,2024-04-10,2-qubit Randomized Benchmarking,`Download TQ_RB.json <../../../data/H1-1/2024_04_10/TQ_RB.json>`_
H1-1,2024-04-10,1-qubit Randomized Benchmarking,`Download SQ_RB.json <../../../data/H1-1/2024_04_10/SQ_RB.json>`_
H1-1,2024-04-10,Memory Error from 1-qubit Randomized Benchmarking,`Download Memory_RB.json <../../../data/H1-1/2024_04_10/Memory_RB.json>`_
H1-1,2024-04-10,Measurement Crosstalk Error,`Download Measurement_crosstalk.json <../../../data/H1-1/2024_04_10/Measurement_crosstalk.json>`_
H1-1,2023-07-17,Measurement Crosstalk Error,`Download Measurement_crosstalk.json <../../../data/H1-1/2023_07_17/Measurement_crosstalk.json>`_
H1-1,2023-07-17,Memory Error from 1-qubit Randomized Benchmarking,`Download Memory_RB.json <../../../data/H1-1/2023_07_17/Memory_RB.json>`_
H1-1,2023-07-17,SPAM Error,`Download SPAM.json <../../../data/H1-1/2023_07_17/SPAM.json>`_
H1-1,2023-07-17,1-qubit Randomized Benchmarking,`Download SQ_RB.json <../../../data/H1-1/2023_07_17/SQ_RB.json>`_
H1-1,2023-07-17,2-qubit Randomized Benchmarking,`Download TQ_RB.json <../../../data/H1-1/2023_07_17/TQ_RB.json>`_
H2-1,2023-03-10,1-qubit Randomized Benchmarking,`Download SQ_RB.json <../../../data/H2-1/2023_03_10/SQ_RB.json>`_
H2-1,2023-03-10,2-qubit Randomized Benchmarking,`Download TQ_RB.json <../../../data/H2-1/2023_03_10/TQ_RB.json>`_
H2-1,2023-03-10,Measurement Crosstalk Error,`Download Measurement_crosstalk.json <../../../data/H2-1/2023_03_10/Measurement_crosstalk.json>`_
H2-1,2023-03-10,SPAM Error,`Download SPAM.json <../../../data/H2-1/2023_03_10/SPAM.json>`_
H2-1,2023-03-10,Memory Error from 1-qubit Randomized Benchmarking,`Download Memory_RB.json <../../../data/H2-1/2023_03_10/Memory_RB.json>`_
H1-1,2023-01-20,Measurement Crosstalk Error,`Download Measurement_crosstalk.json <../../../data/H1-1/2023_01_20/Measurement_crosstalk.json>`_
H1-1,2023-01-20,Memory Error from 1-qubit Randomized Benchmarking,`Download Memory_RB.json <../../../data/H1-1/2023_01_20/Memory_RB.json>`_
H1-1,2023-01-20,SPAM Error,`Download SPAM.json <../../../data/H1-1/2023_01_20/SPAM.json>`_
H1-1,2023-01-20,1-qubit Randomized Benchmarking,`Download SQ_RB.json <../../../data/H1-1/2023_01_20/SQ_RB.json>`_
H1-1,2023-01-20,2-qubit Randomized Benchmarking,`Download TQ_RB.json <../../../data/H1-1/2023_01_20/TQ_RB.json>`_
H1-1,2022-06-09,Measurement Crosstalk Error,`Download Measurement_crosstalk.json <../../../data/H1-1/2022_06_09/Measurement_crosstalk.json>`_
H1-1,2022-06-09,Memory Error from 1-qubit Randomized Benchmarking,`Download Memory_RB.json <../../../data/H1-1/2022_06_09/Memory_RB.json>`_
H1-1,2022-06-09,SPAM Error,`Download spam.json <../../../data/H1-1/2022_06_09/spam.json>`_
H1-1,2022-06-09,1-qubit Randomized Benchmarking,`Download SQ_RB.json <../../../data/H1-1/2022_06_09/SQ_RB.json>`_
H1-1,2022-06-09,2-qubit Randomized Benchmarking,`Download TQ_RB.json <../../../data/H1-1/2022_06_09/TQ_RB.json>`_
